               epoch,      train/box_loss,      train/obj_loss,      train/cls_loss,   metrics/precision,      metrics/recall,     metrics/mAP_0.5,metrics/mAP_0.5:0.95,        val/box_loss,        val/obj_loss,        val/cls_loss,               x/lr0,               x/lr1,               x/lr2
                   0,             0.10929,            0.014918,            0.077447,           0.0035517,             0.23684,             0.04426,            0.022213,            0.078494,           0.0099129,            0.046602,              0.0982,              0.0002,              0.0002
                   1,              0.1137,            0.012514,            0.077761,           0.0047207,             0.31579,            0.039909,            0.015216,            0.076306,            0.010329,             0.04651,            0.095499,          0.00049901,          0.00049901
                   2,             0.10519,            0.016212,            0.076882,           0.0085547,             0.47995,            0.014642,           0.0020542,            0.073105,            0.010746,            0.046486,            0.092797,          0.00079683,          0.00079683
                   3,             0.09967,            0.018238,            0.069479,           0.0077816,             0.46617,            0.020151,           0.0032222,            0.069614,            0.011601,            0.045314,            0.090093,           0.0010935,           0.0010935
                   4,            0.091595,            0.022189,            0.066988,            0.016383,             0.84962,            0.038142,           0.0053215,             0.06621,            0.011972,            0.044326,            0.087389,           0.0013889,           0.0013889
                   5,            0.080851,            0.019198,            0.063246,            0.017364,                   1,            0.040826,           0.0072392,             0.05697,            0.013653,            0.044262,            0.084683,           0.0016832,           0.0016832
                   6,            0.079645,            0.024859,            0.060482,            0.014631,                   1,             0.12321,            0.020638,            0.050746,            0.014254,            0.043564,            0.081976,           0.0019762,           0.0019762
                   7,            0.077943,            0.021827,            0.060356,            0.012889,                   1,             0.10283,            0.024455,            0.048018,            0.014573,             0.04249,            0.079268,           0.0022681,           0.0022681
                   8,            0.076112,            0.024819,            0.056161,            0.011474,                   1,             0.15203,            0.037936,             0.04063,            0.015039,            0.039302,            0.076559,           0.0025588,           0.0025588
                   9,            0.070276,            0.026457,            0.050365,            0.011068,                   1,             0.20156,            0.057941,            0.037812,            0.014894,            0.036387,            0.073848,           0.0028483,           0.0028483
                  10,             0.06453,            0.024183,            0.047038,            0.067671,             0.92105,             0.12906,            0.063541,            0.042496,            0.012737,            0.031206,            0.071137,           0.0031366,           0.0031366
                  11,            0.063739,            0.024995,            0.042685,              0.1842,             0.84712,             0.36124,             0.12502,            0.041858,            0.012165,            0.029419,            0.068424,           0.0034238,           0.0034238
                  12,            0.061743,            0.023214,            0.040791,            0.073779,              0.8183,             0.12556,            0.043022,            0.054641,            0.011159,            0.027138,             0.06571,           0.0037097,           0.0037097
                  13,            0.063357,            0.017202,            0.037389,             0.15275,             0.97368,             0.19264,             0.10496,            0.041837,            0.012293,            0.027339,            0.062994,           0.0039945,           0.0039945
                  14,             0.06156,            0.021095,            0.036229,            0.093658,                   1,             0.11823,            0.054444,            0.052867,              0.0127,             0.02838,            0.060278,            0.004278,            0.004278
                  15,            0.065706,            0.017568,            0.035564,            0.091024,              0.8183,             0.13855,            0.056445,            0.047489,             0.01346,             0.02849,             0.05756,           0.0045604,           0.0045604
                  16,            0.066662,            0.016254,            0.035754,             0.87548,             0.47619,               0.585,             0.16411,             0.04004,            0.015211,            0.028578,            0.054842,           0.0048416,           0.0048416
                  17,            0.056926,            0.016927,            0.034385,             0.81775,             0.40476,             0.43449,             0.16606,             0.05834,             0.01391,            0.027863,            0.052122,           0.0051216,           0.0051216
                  18,            0.068847,            0.015798,            0.033532,             0.86835,             0.47619,             0.52177,             0.21136,            0.044922,            0.014406,            0.027054,              0.0494,           0.0054004,           0.0054004
                  19,            0.060407,            0.015571,            0.033265,             0.12963,             0.66541,             0.14691,            0.055705,            0.059109,            0.013715,            0.026283,            0.046678,            0.005678,            0.005678
                  20,            0.068674,            0.016573,             0.03342,             0.30266,             0.65789,             0.53951,             0.18982,            0.039556,            0.013731,            0.025009,            0.043954,           0.0059545,           0.0059545
                  21,            0.056007,            0.015639,            0.033074,             0.22055,             0.63409,             0.30373,               0.127,            0.053565,             0.01275,            0.024277,             0.04123,           0.0062297,           0.0062297
                  22,            0.064395,            0.014815,            0.031984,             0.26818,             0.76667,             0.32551,             0.13853,            0.040515,            0.011814,            0.023606,            0.038504,           0.0065038,           0.0065038
                  23,            0.055201,             0.01539,            0.033356,             0.08433,             0.97619,             0.11016,            0.056933,            0.065882,            0.011146,            0.023405,            0.035777,           0.0067767,           0.0067767
                  24,            0.078707,            0.013289,            0.033332,             0.25349,             0.88361,             0.50451,             0.26114,            0.042622,            0.010509,            0.022752,            0.033048,           0.0070484,           0.0070484
                  25,            0.060233,            0.016811,            0.032499,             0.11387,             0.92105,             0.13061,            0.079853,            0.054911,            0.010893,            0.022443,            0.030319,           0.0073188,           0.0073188
                  26,             0.07569,            0.013275,            0.032397,             0.31317,             0.40136,             0.35472,             0.09845,            0.056136,            0.009593,             0.02203,            0.027588,           0.0075882,           0.0075882
                  27,            0.075304,            0.013415,            0.032117,             0.35366,             0.88095,              0.5381,             0.17418,            0.042893,           0.0099228,            0.021895,            0.024856,           0.0078563,           0.0078563
                  28,            0.064597,            0.016198,            0.032622,             0.35366,             0.88095,              0.5381,             0.17418,            0.042893,           0.0099228,            0.021895,            0.022123,           0.0081232,           0.0081232
                  29,            0.058553,            0.016668,            0.033463,             0.22671,             0.96644,             0.33948,             0.15386,            0.035405,           0.0099605,            0.021479,            0.019389,            0.008389,            0.008389
                  30,            0.059898,            0.014862,            0.031373,             0.14546,             0.89724,             0.15733,            0.074005,             0.05751,           0.0096959,             0.02154,            0.016654,           0.0086535,           0.0086535
                  31,            0.073517,            0.013038,            0.031157,             0.41781,             0.95238,              0.6009,              0.2085,            0.045834,           0.0099632,            0.021092,            0.013917,           0.0089169,           0.0089169
                  32,            0.065252,            0.016233,            0.032416,             0.41781,             0.95238,              0.6009,              0.2085,            0.045834,           0.0099632,            0.021092,            0.011179,           0.0091791,           0.0091791
                  33,            0.067449,            0.013039,            0.031298,             0.19446,             0.63718,             0.28178,             0.12713,            0.056286,           0.0092034,            0.020812,           0.0093466,           0.0093466,           0.0093466
                  34,            0.066239,             0.01404,            0.032193,             0.20995,             0.88095,             0.25136,            0.099243,            0.038346,            0.010198,            0.020495,           0.0093466,           0.0093466,           0.0093466
                  35,            0.058922,            0.015238,            0.031787,             0.46001,             0.60526,              0.5381,             0.23073,            0.044187,           0.0090963,            0.020699,           0.0093268,           0.0093268,           0.0093268
                  36,            0.058669,            0.014211,            0.030574,             0.46001,             0.60526,              0.5381,             0.23073,            0.044187,           0.0090963,            0.020699,            0.009307,            0.009307,            0.009307
                  37,            0.051222,            0.014861,            0.034474,             0.51942,             0.87217,             0.71516,             0.43101,            0.032133,           0.0088636,             0.02085,           0.0092872,           0.0092872,           0.0092872
                  38,            0.060603,            0.013521,            0.031373,             0.46797,              0.4599,             0.32204,             0.13498,            0.049489,           0.0086656,            0.021404,           0.0092674,           0.0092674,           0.0092674
                  39,            0.074136,            0.013806,            0.032238,             0.59944,             0.86842,             0.83246,             0.44402,            0.036545,           0.0087567,            0.021275,           0.0092476,           0.0092476,           0.0092476
                  40,            0.064742,            0.013942,            0.030121,             0.59944,             0.86842,             0.83246,             0.44402,            0.036545,           0.0087567,            0.021275,           0.0092278,           0.0092278,           0.0092278
                  41,            0.059914,            0.013157,            0.031337,             0.40066,             0.97368,             0.66914,             0.34821,            0.033583,           0.0083914,            0.021333,            0.009208,            0.009208,            0.009208
                  42,              0.0605,            0.014311,             0.03139,             0.33929,             0.57895,             0.39678,             0.22577,            0.037017,           0.0084478,            0.021445,           0.0091882,           0.0091882,           0.0091882
                  43,            0.070372,            0.013448,            0.031499,             0.63411,             0.75043,             0.81509,             0.46013,            0.032384,           0.0071205,            0.021282,           0.0091684,           0.0091684,           0.0091684
                  44,            0.057611,            0.012954,            0.029868,             0.63411,             0.75043,             0.81509,             0.46013,            0.032384,           0.0071205,            0.021282,           0.0091486,           0.0091486,           0.0091486
                  45,            0.056669,            0.014386,            0.031078,             0.54484,             0.85135,             0.75981,             0.42571,            0.035851,           0.0069852,             0.02117,           0.0091288,           0.0091288,           0.0091288
                  46,            0.053729,            0.014037,            0.030437,             0.38754,                   1,             0.76061,             0.37682,            0.032778,           0.0073447,            0.020695,            0.009109,            0.009109,            0.009109
                  47,            0.060726,            0.012398,            0.030935,             0.30217,             0.97368,             0.71569,             0.30961,            0.032525,           0.0074694,            0.020636,           0.0090892,           0.0090892,           0.0090892
                  48,            0.058509,             0.01376,             0.03022,             0.30217,             0.97368,             0.71569,             0.30961,            0.032525,           0.0074694,            0.020636,           0.0090694,           0.0090694,           0.0090694
                  49,            0.047166,            0.012658,            0.029636,             0.33072,                   1,             0.60599,             0.33536,            0.024679,           0.0071651,            0.020459,           0.0090496,           0.0090496,           0.0090496
                  50,            0.047896,            0.013976,            0.030143,             0.18553,             0.97368,             0.38762,             0.24512,            0.037366,            0.007762,            0.020166,           0.0090298,           0.0090298,           0.0090298
                  51,            0.059249,            0.012296,            0.029434,             0.83778,             0.39684,             0.59942,             0.38091,            0.037423,           0.0074651,            0.020124,             0.00901,             0.00901,             0.00901
                  52,            0.057433,            0.013935,            0.030441,             0.83778,             0.39684,             0.59942,             0.38091,            0.037423,           0.0074651,            0.020124,           0.0089902,           0.0089902,           0.0089902
                  53,            0.049351,            0.014994,            0.028245,             0.44739,             0.91641,             0.72713,             0.45799,            0.028186,           0.0069504,            0.019831,           0.0089704,           0.0089704,           0.0089704
                  54,            0.051963,            0.014105,            0.030181,             0.32711,             0.76817,             0.59895,             0.19499,             0.03686,           0.0067604,            0.019743,           0.0089506,           0.0089506,           0.0089506
                  55,            0.053537,            0.011887,            0.028316,             0.36095,             0.71303,             0.61618,             0.25485,            0.038654,            0.006787,            0.019615,           0.0089308,           0.0089308,           0.0089308
                  56,            0.058761,            0.012127,            0.028448,             0.36095,             0.71303,             0.61618,             0.25485,            0.038654,            0.006787,            0.019615,            0.008911,            0.008911,            0.008911
                  57,            0.050912,            0.012485,            0.027733,             0.31044,             0.84211,             0.64543,             0.30894,            0.029475,           0.0068461,            0.019429,           0.0088912,           0.0088912,           0.0088912
                  58,            0.047271,            0.011592,            0.028464,              0.5335,             0.88153,             0.82749,             0.53712,            0.031574,           0.0062906,             0.01933,           0.0088714,           0.0088714,           0.0088714
                  59,             0.04444,            0.011287,            0.028944,             0.60689,             0.73684,             0.80054,               0.326,            0.032261,           0.0064158,             0.01898,           0.0088516,           0.0088516,           0.0088516
                  60,            0.056593,            0.011119,            0.031002,             0.60689,             0.73684,             0.80054,               0.326,            0.032261,           0.0064158,             0.01898,           0.0088318,           0.0088318,           0.0088318
                  61,            0.048129,            0.010826,            0.028276,             0.66046,              0.7307,             0.82496,             0.45858,            0.026407,           0.0065313,            0.018748,            0.008812,            0.008812,            0.008812
                  62,            0.046877,            0.012539,            0.027313,             0.74021,             0.71303,             0.85701,               0.542,            0.028051,           0.0063666,            0.018604,           0.0087922,           0.0087922,           0.0087922
                  63,             0.05473,            0.011599,            0.028038,              0.3741,             0.84697,             0.67304,             0.24761,            0.036092,           0.0063136,            0.018619,           0.0087724,           0.0087724,           0.0087724
                  64,            0.059943,           0.0098364,             0.02958,              0.3741,             0.84697,             0.67304,             0.24761,            0.036092,           0.0063136,            0.018619,           0.0087526,           0.0087526,           0.0087526
                  65,            0.056334,            0.010264,            0.027865,             0.35233,             0.86842,             0.65816,             0.28728,            0.030288,           0.0059907,            0.018518,           0.0087328,           0.0087328,           0.0087328
                  66,            0.051406,            0.011434,            0.027331,             0.72277,             0.84211,             0.82418,              0.4075,             0.03034,           0.0063585,            0.018701,            0.008713,            0.008713,            0.008713
                  67,            0.048343,             0.01083,            0.026367,             0.62877,             0.68922,             0.73844,             0.30442,            0.026542,           0.0064353,            0.018473,           0.0086932,           0.0086932,           0.0086932
                  68,            0.052245,            0.010426,            0.028815,             0.62877,             0.68922,             0.73844,             0.30442,            0.026542,           0.0064353,            0.018473,           0.0086734,           0.0086734,           0.0086734
                  69,            0.045801,            0.012286,            0.025575,             0.50823,             0.86842,             0.77299,             0.36461,            0.024557,           0.0062373,            0.018118,           0.0086536,           0.0086536,           0.0086536
                  70,            0.050021,            0.009874,            0.027708,             0.75055,             0.80677,             0.87442,             0.62642,            0.022758,           0.0060898,            0.017707,           0.0086338,           0.0086338,           0.0086338
                  71,            0.044035,             0.01068,            0.026332,             0.56583,             0.77811,             0.76342,             0.36083,             0.02606,           0.0059054,            0.017482,            0.008614,            0.008614,            0.008614
                  72,              0.0478,            0.013045,            0.027312,             0.56583,             0.77811,             0.76342,             0.36083,             0.02606,           0.0059054,            0.017482,           0.0085942,           0.0085942,           0.0085942
                  73,            0.045738,            0.011575,            0.028679,             0.49222,             0.83395,             0.71327,             0.47561,            0.020284,           0.0056454,            0.017351,           0.0085744,           0.0085744,           0.0085744
                  74,            0.042974,            0.010847,            0.027489,             0.70962,             0.81566,              0.8488,             0.54165,            0.027187,           0.0055722,            0.017133,           0.0085546,           0.0085546,           0.0085546
                  75,            0.048697,            0.010332,            0.027439,             0.39852,             0.86842,             0.62532,             0.31866,            0.029005,           0.0060516,             0.01703,           0.0085348,           0.0085348,           0.0085348
                  76,            0.048743,            0.010794,            0.025892,             0.39852,             0.86842,             0.62532,             0.31866,            0.029005,           0.0060516,             0.01703,            0.008515,            0.008515,            0.008515
                  77,            0.047275,            0.010194,            0.026482,             0.41254,             0.86842,             0.60162,             0.32513,             0.03136,           0.0058582,            0.017242,           0.0084952,           0.0084952,           0.0084952
                  78,            0.050523,           0.0094772,             0.02801,             0.73336,             0.77068,             0.80713,             0.50439,            0.019817,           0.0056122,            0.016546,           0.0084754,           0.0084754,           0.0084754
                  79,            0.038248,            0.010437,            0.024362,             0.88219,             0.75093,             0.88499,             0.49277,             0.03269,           0.0060833,            0.016618,           0.0084556,           0.0084556,           0.0084556
                  80,            0.055195,           0.0088577,            0.028953,             0.88219,             0.75093,             0.88499,             0.49277,             0.03269,           0.0060833,            0.016618,           0.0084358,           0.0084358,           0.0084358
                  81,            0.053391,            0.011255,            0.024892,             0.84699,             0.80301,             0.89026,             0.64158,             0.03224,           0.0061092,            0.016391,            0.008416,            0.008416,            0.008416
                  82,             0.05583,            0.010806,            0.026789,             0.63014,              0.8183,             0.66133,             0.47242,            0.028894,           0.0058901,            0.016217,           0.0083962,           0.0083962,           0.0083962
                  83,            0.048075,            0.011429,            0.024961,             0.84108,             0.91599,             0.87736,             0.61512,            0.023173,           0.0058451,            0.015873,           0.0083764,           0.0083764,           0.0083764
                  84,             0.04751,             0.01054,            0.026008,             0.84108,             0.91599,             0.87736,             0.61512,            0.023173,           0.0058451,            0.015873,           0.0083566,           0.0083566,           0.0083566
                  85,            0.040831,            0.012286,            0.024798,             0.72558,             0.92356,               0.845,             0.59758,             0.02045,            0.005812,            0.015589,           0.0083368,           0.0083368,           0.0083368
                  86,            0.036912,            0.010863,            0.024179,             0.89287,             0.87556,             0.91157,             0.52067,            0.018612,           0.0056014,             0.01534,            0.008317,            0.008317,            0.008317
                  87,            0.038048,            0.011973,            0.025466,             0.73814,             0.79036,             0.84739,             0.51744,            0.021419,           0.0056516,            0.015513,           0.0082972,           0.0082972,           0.0082972
                  88,            0.042886,            0.010319,            0.023368,             0.73814,             0.79036,             0.84739,             0.51744,            0.021419,           0.0056516,            0.015513,           0.0082774,           0.0082774,           0.0082774
                  89,            0.040201,            0.011017,            0.023654,             0.71831,             0.85539,             0.91293,             0.67322,            0.016992,           0.0056978,             0.01623,           0.0082576,           0.0082576,           0.0082576
                  90,            0.039111,            0.010325,            0.025231,              0.7941,             0.77879,             0.92658,             0.51086,            0.025849,           0.0056724,            0.015788,           0.0082378,           0.0082378,           0.0082378
                  91,            0.047142,           0.0098085,            0.027414,              0.9065,             0.87093,              0.9333,             0.61341,            0.019961,            0.005545,            0.014297,            0.008218,            0.008218,            0.008218
                  92,            0.048658,           0.0097119,            0.025765,              0.9065,             0.87093,              0.9333,             0.61341,            0.019961,            0.005545,            0.014297,           0.0081982,           0.0081982,           0.0081982
                  93,            0.034892,             0.01006,            0.022791,             0.90044,             0.90191,             0.94671,             0.76049,            0.014504,           0.0053208,            0.013805,           0.0081784,           0.0081784,           0.0081784
                  94,            0.034464,           0.0098844,            0.023131,             0.90824,              0.8573,             0.94567,             0.68383,            0.020135,           0.0054281,            0.014224,           0.0081586,           0.0081586,           0.0081586
                  95,            0.036621,            0.010373,            0.021943,             0.74996,             0.73874,             0.80636,             0.49276,            0.027834,           0.0056555,            0.015006,           0.0081388,           0.0081388,           0.0081388
                  96,            0.047951,           0.0096533,            0.022969,             0.74996,             0.73874,             0.80636,             0.49276,            0.027834,           0.0056555,            0.015006,            0.008119,            0.008119,            0.008119
                  97,            0.038289,           0.0099586,            0.020804,              0.8922,             0.73159,             0.85662,             0.58149,            0.021909,           0.0052146,            0.015092,           0.0080992,           0.0080992,           0.0080992
                  98,             0.03485,           0.0095466,             0.02398,             0.70817,             0.76566,             0.85514,             0.59073,            0.020325,           0.0053102,            0.013402,           0.0080794,           0.0080794,           0.0080794
                  99,            0.036415,            0.011063,            0.020041,              0.6219,             0.75439,             0.84956,             0.46586,            0.023613,            0.005417,            0.012077,           0.0080596,           0.0080596,           0.0080596
                 100,            0.050369,            0.008045,            0.020922,              0.6219,             0.75439,             0.84956,             0.46586,            0.023613,            0.005417,            0.012077,           0.0080398,           0.0080398,           0.0080398
                 101,            0.045223,           0.0096245,             0.02438,              0.6118,             0.76115,             0.87536,             0.59338,            0.017807,           0.0052027,            0.011874,             0.00802,             0.00802,             0.00802
                 102,            0.040734,            0.010779,            0.020235,             0.57346,              0.7807,             0.84514,             0.46373,            0.023256,           0.0053817,            0.011764,           0.0080002,           0.0080002,           0.0080002
                 103,            0.043048,           0.0095096,            0.023897,             0.84242,             0.91362,              0.9397,             0.53954,            0.023554,           0.0053872,            0.011541,           0.0079804,           0.0079804,           0.0079804
                 104,            0.042869,           0.0086679,             0.02356,             0.84242,             0.91362,              0.9397,             0.53954,            0.023554,           0.0053872,            0.011541,           0.0079606,           0.0079606,           0.0079606
                 105,             0.03835,           0.0093201,            0.023172,             0.75659,             0.87093,             0.85836,             0.64776,            0.017221,            0.005028,            0.011653,           0.0079408,           0.0079408,           0.0079408
                 106,            0.037495,           0.0087024,             0.02159,             0.80016,              0.8183,             0.89623,             0.60305,            0.020181,           0.0048231,            0.011977,            0.007921,            0.007921,            0.007921
                 107,            0.035082,            0.008832,             0.01931,             0.43011,             0.92105,             0.66228,             0.44419,            0.022694,           0.0050592,            0.014779,           0.0079012,           0.0079012,           0.0079012
                 108,            0.044014,            0.009219,            0.021528,             0.43011,             0.92105,             0.66228,             0.44419,            0.022694,           0.0050592,            0.014779,           0.0078814,           0.0078814,           0.0078814
                 109,            0.039776,            0.010674,            0.019589,             0.39307,             0.90582,              0.6474,             0.47192,             0.01987,           0.0049236,            0.016184,           0.0078616,           0.0078616,           0.0078616
                 110,            0.037736,            0.010039,            0.020823,             0.69902,             0.85506,             0.91932,              0.7272,            0.018859,           0.0049359,            0.019889,           0.0078418,           0.0078418,           0.0078418
                 111,             0.03109,           0.0096847,             0.02307,              0.7858,             0.93692,             0.93802,             0.65283,            0.017555,           0.0047522,            0.013643,            0.007822,            0.007822,            0.007822
                 112,            0.036505,           0.0089274,            0.020581,              0.7858,             0.93692,             0.93802,             0.65283,            0.017555,           0.0047522,            0.013643,           0.0078022,           0.0078022,           0.0078022
                 113,            0.038432,           0.0082849,            0.018945,              0.9041,             0.91732,             0.94506,             0.69615,            0.014182,           0.0045237,            0.011416,           0.0077824,           0.0077824,           0.0077824
                 114,            0.041466,            0.009173,            0.021703,             0.59968,             0.91223,             0.91162,             0.47738,            0.026247,           0.0051203,            0.014483,           0.0077626,           0.0077626,           0.0077626
                 115,            0.036704,           0.0085117,            0.021238,             0.59273,             0.89474,             0.84066,             0.69265,            0.017117,           0.0045128,            0.015471,           0.0077428,           0.0077428,           0.0077428
                 116,            0.033245,           0.0085212,            0.018254,             0.59273,             0.89474,             0.84066,             0.69265,            0.017117,           0.0045128,            0.015471,            0.007723,            0.007723,            0.007723
                 117,            0.035655,           0.0096931,            0.018429,             0.63875,             0.91824,             0.86554,             0.70386,            0.015509,           0.0044514,            0.014421,           0.0077032,           0.0077032,           0.0077032
                 118,            0.041807,           0.0085009,            0.020821,             0.64678,             0.89474,             0.87664,             0.71797,             0.01528,           0.0045311,            0.014898,           0.0076834,           0.0076834,           0.0076834
                 119,            0.034435,           0.0091825,            0.020285,             0.49453,             0.88775,             0.87075,             0.53709,            0.027537,           0.0054993,            0.015133,           0.0076636,           0.0076636,           0.0076636
                 120,            0.041763,             0.01015,            0.018009,             0.49453,             0.88775,             0.87075,             0.53709,            0.027537,           0.0054993,            0.015133,           0.0076438,           0.0076438,           0.0076438
                 121,             0.03875,           0.0090655,            0.019807,             0.61538,             0.89385,             0.94246,             0.67342,            0.020691,           0.0051164,            0.013444,            0.007624,            0.007624,            0.007624
                 122,            0.037561,           0.0089828,            0.017815,             0.86785,             0.87093,              0.9254,             0.44059,            0.023758,           0.0050133,            0.010357,           0.0076042,           0.0076042,           0.0076042
                 123,            0.044363,            0.008507,            0.019955,             0.53295,             0.92685,             0.80058,             0.50759,             0.02074,           0.0047191,           0.0082283,           0.0075844,           0.0075844,           0.0075844
                 124,            0.037497,           0.0083547,            0.016816,             0.53295,             0.92685,             0.80058,             0.50759,             0.02074,           0.0047191,           0.0082283,           0.0075646,           0.0075646,           0.0075646
                 125,            0.033934,           0.0092968,            0.019831,               0.733,             0.94987,              0.8445,             0.61007,            0.017193,            0.004699,            0.007911,           0.0075448,           0.0075448,           0.0075448
                 126,            0.031315,           0.0095212,            0.021232,             0.66166,             0.96761,             0.89065,             0.57963,            0.016879,           0.0047739,             0.01084,            0.007525,            0.007525,            0.007525
                 127,             0.03323,           0.0081196,            0.018802,              0.6967,             0.80952,              0.9196,             0.58494,            0.024232,           0.0052833,            0.017734,           0.0075052,           0.0075052,           0.0075052
                 128,            0.040515,           0.0086583,            0.020582,              0.6967,             0.80952,              0.9196,             0.58494,            0.024232,           0.0052833,            0.017734,           0.0074854,           0.0074854,           0.0074854
                 129,            0.038164,           0.0077462,            0.024655,             0.63389,             0.80952,             0.87189,             0.55323,            0.020913,           0.0051844,            0.022021,           0.0074656,           0.0074656,           0.0074656
                 130,            0.035085,           0.0087067,            0.022454,             0.86575,             0.92945,             0.94642,             0.65954,            0.016759,           0.0047279,           0.0081625,           0.0074458,           0.0074458,           0.0074458
                 131,            0.038281,           0.0086628,            0.019514,              0.6934,              0.8183,             0.89241,             0.57092,            0.021904,           0.0049927,            0.009236,            0.007426,            0.007426,            0.007426
                 132,            0.033462,            0.009181,             0.01939,              0.6934,              0.8183,             0.89241,             0.57092,            0.021904,           0.0049927,            0.009236,           0.0074062,           0.0074062,           0.0074062
                 133,            0.034258,           0.0080452,            0.014491,             0.88265,             0.91966,             0.94539,             0.69331,            0.016828,           0.0046829,            0.010434,           0.0073864,           0.0073864,           0.0073864
                 134,             0.02999,            0.010031,             0.01761,             0.90939,             0.87093,             0.95958,             0.71091,            0.017879,           0.0047214,            0.010563,           0.0073666,           0.0073666,           0.0073666
                 135,            0.035451,           0.0082433,             0.01927,              0.9284,             0.95041,             0.96921,             0.72643,              0.0159,           0.0046981,           0.0084763,           0.0073468,           0.0073468,           0.0073468
                 136,            0.038159,           0.0093687,            0.017494,              0.9284,             0.95041,             0.96921,             0.72643,              0.0159,           0.0046981,           0.0084763,            0.007327,            0.007327,            0.007327
                 137,            0.032432,           0.0072766,            0.016753,              0.9155,             0.92853,             0.95097,             0.79047,            0.013342,           0.0045714,            0.008199,           0.0073072,           0.0073072,           0.0073072
                 138,             0.03616,            0.009486,            0.017248,              0.8949,             0.92607,             0.95273,             0.51763,            0.024242,           0.0051689,           0.0084582,           0.0072874,           0.0072874,           0.0072874
                 139,            0.045116,           0.0094609,            0.020126,             0.91653,             0.92043,             0.94792,             0.66666,            0.014173,           0.0049959,           0.0089949,           0.0072676,           0.0072676,           0.0072676
                 140,            0.031408,            0.009272,            0.017975,             0.91653,             0.92043,             0.94792,             0.66666,            0.014173,           0.0049959,           0.0089949,           0.0072478,           0.0072478,           0.0072478
                 141,            0.030284,           0.0078398,             0.01829,             0.90776,             0.92607,             0.95529,             0.71989,            0.015854,           0.0059025,            0.010143,            0.007228,            0.007228,            0.007228
                 142,            0.027331,             0.00842,            0.016846,             0.91506,             0.92607,             0.94749,             0.67085,             0.01398,           0.0055506,            0.010063,           0.0072082,           0.0072082,           0.0072082
                 143,            0.032995,           0.0087895,            0.021785,             0.89703,             0.94408,              0.9609,             0.41578,            0.027852,            0.005836,            0.010783,           0.0071884,           0.0071884,           0.0071884
                 144,            0.038558,           0.0088138,            0.017525,             0.89703,             0.94408,              0.9609,             0.41578,            0.027852,            0.005836,            0.010783,           0.0071686,           0.0071686,           0.0071686
                 145,            0.035605,           0.0092166,            0.020506,              0.9051,              0.9579,             0.96423,             0.46806,            0.026417,           0.0057452,            0.010855,           0.0071488,           0.0071488,           0.0071488
                 146,             0.03445,           0.0073125,            0.021254,             0.88641,             0.97368,             0.96322,             0.61749,            0.015037,           0.0052094,            0.010308,            0.007129,            0.007129,            0.007129
                 147,            0.034254,           0.0090897,            0.018781,             0.90512,             0.86604,             0.95192,             0.58812,            0.017013,            0.004704,           0.0098977,           0.0071092,           0.0071092,           0.0071092
                 148,            0.027378,           0.0085416,            0.015896,             0.90512,             0.86604,             0.95192,             0.58812,            0.017013,            0.004704,           0.0098977,           0.0070894,           0.0070894,           0.0070894
                 149,            0.025143,           0.0093836,            0.019206,             0.90804,             0.92907,             0.97307,             0.81045,            0.012789,           0.0046863,           0.0089358,           0.0070696,           0.0070696,           0.0070696
                 150,            0.024922,           0.0086379,            0.017872,             0.93795,             0.93708,             0.97549,             0.74899,            0.013544,           0.0047297,           0.0084077,           0.0070498,           0.0070498,           0.0070498
                 151,            0.026209,           0.0082997,            0.015732,             0.88776,             0.90582,             0.96956,             0.74878,            0.014961,           0.0045424,            0.009172,             0.00703,             0.00703,             0.00703
                 152,              0.0346,             0.01007,            0.020977,             0.88776,             0.90582,             0.96956,             0.74878,            0.014961,           0.0045424,            0.009172,           0.0070102,           0.0070102,           0.0070102
                 153,            0.026903,           0.0084089,            0.017709,             0.88888,             0.90567,             0.96156,             0.73531,            0.013091,             0.00441,           0.0096727,           0.0069904,           0.0069904,           0.0069904
                 154,            0.030399,           0.0092372,            0.015743,             0.61671,             0.90226,             0.82614,             0.60246,            0.016773,           0.0047109,            0.011505,           0.0069706,           0.0069706,           0.0069706
                 155,            0.033006,           0.0098462,            0.018319,             0.84147,             0.89945,             0.95268,             0.76834,            0.013228,           0.0046409,            0.011572,           0.0069508,           0.0069508,           0.0069508
                 156,            0.028777,           0.0082167,            0.018257,             0.84147,             0.89945,             0.95268,             0.76834,            0.013228,           0.0046409,            0.011572,            0.006931,            0.006931,            0.006931
                 157,            0.027554,            0.010078,            0.022239,             0.94004,             0.90413,             0.98191,             0.83468,            0.011986,           0.0045643,           0.0078872,           0.0069112,           0.0069112,           0.0069112
                 158,            0.029516,           0.0085254,            0.021118,             0.86007,             0.91637,              0.9531,               0.699,            0.015991,           0.0047006,           0.0070459,           0.0068914,           0.0068914,           0.0068914
                 159,            0.031752,           0.0089443,             0.01401,             0.93437,             0.92097,             0.98411,             0.60243,            0.021563,           0.0049103,            0.007367,           0.0068716,           0.0068716,           0.0068716
                 160,            0.030882,           0.0084824,            0.017369,             0.93437,             0.92097,             0.98411,             0.60243,            0.021563,           0.0049103,            0.007367,           0.0068518,           0.0068518,           0.0068518
                 161,            0.026353,           0.0093423,            0.014105,             0.94653,             0.91939,             0.98456,             0.72553,            0.017337,           0.0047712,           0.0072046,            0.006832,            0.006832,            0.006832
                 162,             0.02725,           0.0096062,            0.018241,             0.94912,             0.92583,             0.98264,             0.67053,            0.016912,           0.0049586,           0.0071043,           0.0068122,           0.0068122,           0.0068122
                 163,            0.034633,           0.0084401,            0.016876,             0.84421,             0.93034,             0.97751,             0.54334,            0.019293,           0.0047893,           0.0076693,           0.0067924,           0.0067924,           0.0067924
                 164,            0.036353,           0.0084108,            0.015982,             0.84421,             0.93034,             0.97751,             0.54334,            0.019293,           0.0047893,           0.0076693,           0.0067726,           0.0067726,           0.0067726
                 165,            0.025721,           0.0081906,            0.016347,             0.87044,             0.93171,             0.98077,             0.61877,             0.01605,           0.0047202,           0.0077267,           0.0067528,           0.0067528,           0.0067528
                 166,            0.026851,           0.0081121,            0.017719,             0.96598,             0.95441,             0.98307,             0.64348,            0.014365,           0.0046826,           0.0082481,            0.006733,            0.006733,            0.006733
                 167,            0.026155,           0.0086598,            0.013639,              0.9078,             0.96942,             0.98091,              0.6156,              0.0162,           0.0045972,           0.0088341,           0.0067132,           0.0067132,           0.0067132
                 168,            0.030237,           0.0088532,            0.014928,              0.9078,             0.96942,             0.98091,              0.6156,              0.0162,           0.0045972,           0.0088341,           0.0066934,           0.0066934,           0.0066934
                 169,             0.02624,           0.0076097,            0.014396,             0.87975,             0.93971,              0.9822,             0.79462,            0.012193,           0.0046621,            0.010886,           0.0066736,           0.0066736,           0.0066736
                 170,            0.025676,           0.0085997,            0.015141,             0.68333,             0.94737,             0.91006,             0.58574,              0.0163,           0.0049398,            0.010601,           0.0066538,           0.0066538,           0.0066538
                 171,            0.027109,           0.0079786,            0.015701,             0.84165,             0.95562,             0.96639,             0.69853,            0.015045,           0.0049187,            0.011633,            0.006634,            0.006634,            0.006634
                 172,            0.027672,           0.0087297,            0.016088,             0.84165,             0.95562,             0.96639,             0.69853,            0.015045,           0.0049187,            0.011633,           0.0066142,           0.0066142,           0.0066142
                 173,            0.023466,           0.0082264,             0.02144,             0.84504,             0.93204,             0.96313,             0.76535,            0.012833,           0.0049152,            0.012158,           0.0065944,           0.0065944,           0.0065944
                 174,            0.024906,           0.0082352,            0.017083,             0.68712,             0.90677,             0.88355,              0.5729,            0.019464,           0.0048173,            0.012308,           0.0065746,           0.0065746,           0.0065746
                 175,            0.029706,           0.0083222,            0.015774,              0.8409,             0.86842,              0.9361,             0.66719,            0.014397,           0.0044748,            0.012457,           0.0065548,           0.0065548,           0.0065548
                 176,            0.023994,           0.0078878,            0.015158,              0.8409,             0.86842,              0.9361,             0.66719,            0.014397,           0.0044748,            0.012457,            0.006535,            0.006535,            0.006535
                 177,            0.026896,           0.0088039,            0.017662,             0.68937,             0.94737,             0.86534,             0.67675,            0.014564,           0.0043715,             0.01315,           0.0065152,           0.0065152,           0.0065152
                 178,            0.024857,           0.0076405,            0.016679,             0.83946,             0.87389,             0.97223,             0.61845,            0.015569,           0.0044289,            0.012152,           0.0064954,           0.0064954,           0.0064954
                 179,            0.029679,           0.0086786,            0.017769,             0.70689,             0.91709,             0.85329,             0.68243,             0.01424,           0.0042911,           0.0091352,           0.0064756,           0.0064756,           0.0064756
                 180,            0.028002,             0.00796,            0.016724,             0.70689,             0.91709,             0.85329,             0.68243,             0.01424,           0.0042911,           0.0091352,           0.0064558,           0.0064558,           0.0064558
                 181,            0.025056,           0.0083269,            0.011733,             0.88018,             0.93417,             0.97339,             0.76873,            0.011674,            0.004099,           0.0098651,            0.006436,            0.006436,            0.006436
                 182,            0.029274,            0.008405,            0.015751,             0.70152,             0.95832,             0.90393,               0.625,            0.017674,           0.0044423,            0.012527,           0.0064162,           0.0064162,           0.0064162
                 183,            0.030475,           0.0083036,            0.015877,             0.63222,             0.94047,             0.84961,             0.53937,             0.01605,           0.0044607,             0.01566,           0.0063964,           0.0063964,           0.0063964
                 184,            0.030311,           0.0090682,            0.018198,             0.63222,             0.94047,             0.84961,             0.53937,             0.01605,           0.0044607,             0.01566,           0.0063766,           0.0063766,           0.0063766
                 185,            0.027166,           0.0085623,            0.019188,             0.69452,             0.94482,             0.89823,              0.6484,            0.012794,           0.0042114,            0.014168,           0.0063568,           0.0063568,           0.0063568
                 186,            0.027284,           0.0077094,            0.020039,             0.80143,              0.9469,             0.97216,             0.71133,            0.013956,           0.0041776,            0.012548,            0.006337,            0.006337,            0.006337
                 187,            0.029711,           0.0095183,            0.015584,             0.77829,             0.93746,             0.96372,             0.54664,            0.014615,            0.004177,            0.015756,           0.0063172,           0.0063172,           0.0063172
                 188,            0.028079,           0.0083302,            0.015694,             0.77829,             0.93746,             0.96372,             0.54664,            0.014615,            0.004177,            0.015756,           0.0062974,           0.0062974,           0.0062974
                 189,            0.025178,           0.0077186,             0.01899,             0.78883,             0.93749,             0.96799,             0.73503,            0.011756,           0.0040138,            0.015912,           0.0062776,           0.0062776,           0.0062776
                 190,            0.024625,           0.0091456,            0.015466,             0.82252,              0.9376,             0.96597,             0.67177,            0.012516,           0.0040788,             0.01219,           0.0062578,           0.0062578,           0.0062578
                 191,            0.028827,           0.0083381,            0.016328,             0.84611,             0.94001,             0.97333,             0.71602,            0.013532,           0.0042142,            0.011351,            0.006238,            0.006238,            0.006238
                 192,            0.029559,           0.0093874,            0.017076,             0.84611,             0.94001,             0.97333,             0.71602,            0.013532,           0.0042142,            0.011351,           0.0062182,           0.0062182,           0.0062182
                 193,            0.021766,           0.0082106,            0.016265,             0.82354,             0.93374,             0.96087,             0.79202,           0.0097841,           0.0040287,            0.013029,           0.0061984,           0.0061984,           0.0061984
                 194,             0.02533,           0.0088951,            0.016655,             0.88045,             0.94737,              0.9724,             0.64089,            0.014703,           0.0043848,            0.010713,           0.0061786,           0.0061786,           0.0061786
                 195,            0.028342,            0.008563,            0.018638,             0.82321,             0.94737,             0.97022,             0.79851,             0.01084,           0.0041832,            0.012037,           0.0061588,           0.0061588,           0.0061588
                 196,            0.019766,           0.0091053,            0.015961,             0.82321,             0.94737,             0.97022,             0.79851,             0.01084,           0.0041832,            0.012037,            0.006139,            0.006139,            0.006139
                 197,            0.021338,           0.0076901,            0.018764,              0.8267,             0.94737,             0.97414,             0.81122,            0.010282,           0.0042083,             0.01227,           0.0061192,           0.0061192,           0.0061192
                 198,            0.023637,           0.0073382,            0.011988,                0.84,             0.94737,             0.98734,             0.66001,            0.014948,           0.0044281,            0.011125,           0.0060994,           0.0060994,           0.0060994
                 199,            0.024744,           0.0083044,             0.01537,             0.94944,             0.95021,             0.99284,             0.57568,            0.016792,           0.0047801,           0.0090272,           0.0060796,           0.0060796,           0.0060796
                 200,            0.028118,           0.0082291,            0.016888,             0.94944,             0.95021,             0.99284,             0.57568,            0.016792,           0.0047801,           0.0090272,           0.0060598,           0.0060598,           0.0060598
                 201,            0.024641,           0.0070214,            0.013489,             0.98519,                   1,               0.995,             0.65328,            0.014525,           0.0046151,           0.0056899,             0.00604,             0.00604,             0.00604
                 202,            0.024914,           0.0077589,            0.017419,              0.8546,              0.9956,               0.995,             0.80239,            0.013877,           0.0046162,           0.0062014,           0.0060202,           0.0060202,           0.0060202
                 203,            0.030149,           0.0076974,            0.015154,             0.85509,             0.93426,               0.995,             0.54875,            0.017864,           0.0050069,            0.007434,           0.0060004,           0.0060004,           0.0060004
                 204,            0.027608,           0.0073189,            0.012488,             0.85509,             0.93426,               0.995,             0.54875,            0.017864,           0.0050069,            0.007434,           0.0059806,           0.0059806,           0.0059806
                 205,            0.026023,           0.0079623,            0.017223,             0.88318,                   1,               0.995,             0.62694,            0.013056,           0.0045906,           0.0050874,           0.0059608,           0.0059608,           0.0059608
                 206,            0.022577,           0.0075712,            0.015266,             0.97784,                   1,               0.995,             0.79093,            0.012082,           0.0043076,           0.0042593,            0.005941,            0.005941,            0.005941
                 207,            0.023419,           0.0086048,            0.014212,             0.99263,                   1,               0.995,             0.64187,            0.016216,           0.0045323,           0.0038733,           0.0059212,           0.0059212,           0.0059212
                 208,            0.028097,           0.0083406,            0.019688,             0.99263,                   1,               0.995,             0.64187,            0.016216,           0.0045323,           0.0038733,           0.0059014,           0.0059014,           0.0059014
                 209,            0.024548,           0.0074813,            0.018018,             0.99297,             0.98046,               0.995,             0.69486,            0.014936,           0.0044512,           0.0041642,           0.0058816,           0.0058816,           0.0058816
                 210,            0.021151,           0.0081343,            0.012306,             0.99283,             0.98059,               0.995,             0.65043,            0.013349,           0.0042412,           0.0039916,           0.0058618,           0.0058618,           0.0058618
                 211,            0.024047,           0.0080374,            0.014998,             0.96192,             0.99759,               0.995,             0.62616,            0.015768,           0.0044337,            0.004223,            0.005842,            0.005842,            0.005842
                 212,            0.027831,           0.0091732,            0.015572,             0.96192,             0.99759,               0.995,             0.62616,            0.015768,           0.0044337,            0.004223,           0.0058222,           0.0058222,           0.0058222
                 213,            0.025897,           0.0076185,               0.012,             0.95836,             0.99247,               0.995,              0.7609,            0.012627,           0.0042967,            0.004633,           0.0058024,           0.0058024,           0.0058024
                 214,            0.026004,           0.0064528,            0.012677,             0.92075,             0.96722,             0.98852,             0.82044,            0.011544,           0.0041066,           0.0086442,           0.0057826,           0.0057826,           0.0057826
                 215,            0.025904,           0.0087683,            0.015046,             0.93076,             0.92352,             0.99201,              0.6268,            0.012866,           0.0041918,           0.0075541,           0.0057628,           0.0057628,           0.0057628
                 216,            0.028124,           0.0076315,            0.015049,             0.93076,             0.92352,             0.99201,              0.6268,            0.012866,           0.0041918,           0.0075541,            0.005743,            0.005743,            0.005743
                 217,            0.025063,           0.0080296,           0.0092919,             0.92365,             0.97088,             0.99284,             0.74131,            0.010909,           0.0040723,           0.0071487,           0.0057232,           0.0057232,           0.0057232
                 218,            0.024126,           0.0073575,             0.01524,             0.92139,             0.99135,             0.99409,              0.7033,            0.014007,           0.0043065,           0.0065987,           0.0057034,           0.0057034,           0.0057034
                 219,            0.026251,            0.008454,            0.015538,             0.90781,             0.95348,             0.96693,             0.73364,            0.013885,             0.00418,           0.0053942,           0.0056836,           0.0056836,           0.0056836
                 220,            0.025707,           0.0093449,             0.01506,             0.90781,             0.95348,             0.96693,             0.73364,            0.013885,             0.00418,           0.0053942,           0.0056638,           0.0056638,           0.0056638
                 221,            0.023277,           0.0074791,            0.015036,             0.96736,             0.97591,             0.99409,             0.72238,            0.014512,           0.0043162,           0.0041668,            0.005644,            0.005644,            0.005644
                 222,            0.022417,           0.0076745,            0.015074,             0.97832,               0.976,               0.995,             0.70561,            0.011887,           0.0042788,            0.003978,           0.0056242,           0.0056242,           0.0056242
                 223,            0.022092,           0.0080133,            0.013959,             0.95847,             0.98846,             0.99409,             0.70301,            0.015264,           0.0044047,            0.004538,           0.0056044,           0.0056044,           0.0056044
                 224,            0.024319,           0.0085337,            0.009939,             0.95847,             0.98846,             0.99409,             0.70301,            0.015264,           0.0044047,            0.004538,           0.0055846,           0.0055846,           0.0055846
                 225,            0.024131,           0.0082734,            0.014934,             0.96698,               0.973,             0.99284,             0.80361,            0.012321,           0.0042968,           0.0048541,           0.0055648,           0.0055648,           0.0055648
                 226,            0.022092,           0.0077783,            0.013475,             0.94389,             0.97653,             0.99409,             0.68804,            0.014222,           0.0044044,           0.0054161,            0.005545,            0.005545,            0.005545
                 227,            0.022203,           0.0079366,            0.011767,             0.95724,             0.94916,             0.99409,             0.68065,            0.016579,           0.0043553,           0.0051206,           0.0055252,           0.0055252,           0.0055252
                 228,            0.028277,           0.0081315,            0.012129,             0.95724,             0.94916,             0.99409,             0.68065,            0.016579,           0.0043553,           0.0051206,           0.0055054,           0.0055054,           0.0055054
                 229,            0.026626,           0.0077445,            0.013358,             0.97088,             0.95003,             0.99409,             0.73327,            0.014353,            0.004163,           0.0045592,           0.0054856,           0.0054856,           0.0054856
                 230,            0.023221,           0.0074415,            0.013102,             0.96438,             0.97568,             0.99409,             0.65548,            0.014585,           0.0041659,           0.0042056,           0.0054658,           0.0054658,           0.0054658
                 231,            0.028034,           0.0085794,            0.016275,              0.9596,             0.99785,               0.995,              0.7642,           0.0099122,            0.003851,           0.0039164,            0.005446,            0.005446,            0.005446
                 232,            0.017186,           0.0073435,            0.011347,              0.9596,             0.99785,               0.995,              0.7642,           0.0099122,            0.003851,           0.0039164,           0.0054262,           0.0054262,           0.0054262
                 233,            0.020874,           0.0070572,              0.0143,             0.99755,             0.96975,             0.99375,             0.76657,            0.010487,           0.0039189,           0.0042062,           0.0054064,           0.0054064,           0.0054064
                 234,            0.020667,           0.0068302,            0.018573,             0.95123,             0.96673,             0.99171,             0.77374,           0.0097532,           0.0038606,            0.007159,           0.0053866,           0.0053866,           0.0053866
                 235,            0.019506,           0.0070894,            0.013512,             0.94177,             0.97368,             0.98841,             0.71568,            0.013954,           0.0040131,           0.0050052,           0.0053668,           0.0053668,           0.0053668
                 236,            0.028818,           0.0073853,             0.01439,             0.94177,             0.97368,             0.98841,             0.71568,            0.013954,           0.0040131,           0.0050052,            0.005347,            0.005347,            0.005347
                 237,            0.022729,           0.0073948,             0.01312,             0.91172,                   1,             0.99057,             0.77054,            0.012417,           0.0040797,            0.004761,           0.0053272,           0.0053272,           0.0053272
                 238,            0.022905,           0.0073344,            0.014534,             0.93577,             0.92607,              0.9845,             0.77481,              0.0117,           0.0042679,           0.0049581,           0.0053074,           0.0053074,           0.0053074
                 239,            0.024206,           0.0086958,            0.011055,             0.91073,             0.99409,             0.98794,              0.7884,             0.01022,           0.0041247,           0.0049218,           0.0052876,           0.0052876,           0.0052876
                 240,            0.021818,           0.0083685,            0.012992,             0.91073,             0.99409,             0.98794,              0.7884,             0.01022,           0.0041247,           0.0049218,           0.0052678,           0.0052678,           0.0052678
                 241,            0.021969,           0.0076825,            0.012782,             0.91257,             0.99638,             0.98636,             0.81372,            0.010089,           0.0040786,           0.0049139,            0.005248,            0.005248,            0.005248
                 242,             0.02131,           0.0078183,            0.014091,             0.96486,             0.95304,             0.98944,             0.78683,            0.012275,           0.0043366,           0.0043591,           0.0052282,           0.0052282,           0.0052282
                 243,            0.025484,           0.0074419,            0.013713,             0.95185,             0.97368,             0.98739,             0.73514,              0.0134,            0.004135,           0.0046101,           0.0052084,           0.0052084,           0.0052084
                 244,            0.025262,           0.0074936,            0.009775,             0.95185,             0.97368,             0.98739,             0.73514,              0.0134,            0.004135,           0.0046101,           0.0051886,           0.0051886,           0.0051886
                 245,            0.021343,           0.0065316,            0.013136,             0.90496,             0.95756,             0.98398,             0.79517,            0.011439,           0.0040285,           0.0091721,           0.0051688,           0.0051688,           0.0051688
                 246,            0.025401,           0.0076975,            0.017018,             0.89578,             0.97224,             0.98739,             0.69537,            0.013845,           0.0041099,           0.0075171,            0.005149,            0.005149,            0.005149
                 247,            0.023535,           0.0083296,            0.013893,             0.94013,             0.94717,             0.99057,             0.80451,            0.012119,           0.0040709,           0.0066466,           0.0051292,           0.0051292,           0.0051292
                 248,            0.021252,           0.0084558,            0.015568,             0.94013,             0.94717,             0.99057,             0.80451,            0.012119,           0.0040709,           0.0066466,           0.0051094,           0.0051094,           0.0051094
                 249,            0.021416,            0.007663,            0.014081,             0.94213,              0.9706,             0.99057,             0.87456,            0.010905,           0.0040162,            0.006014,           0.0050896,           0.0050896,           0.0050896
                 250,            0.022229,           0.0095801,            0.014469,             0.90474,             0.99224,               0.995,             0.83053,            0.010808,           0.0040461,           0.0049068,           0.0050698,           0.0050698,           0.0050698
                 251,            0.022177,           0.0083695,            0.014348,             0.95564,             0.93863,             0.99159,             0.77005,            0.011004,           0.0040071,            0.005468,             0.00505,             0.00505,             0.00505
                 252,            0.023188,           0.0080134,             0.01438,             0.95564,             0.93863,             0.99159,             0.77005,            0.011004,           0.0040071,            0.005468,           0.0050302,           0.0050302,           0.0050302
                 253,            0.019551,           0.0080432,            0.013034,             0.96458,             0.97619,             0.99159,             0.81121,           0.0098717,           0.0039377,             0.00507,           0.0050104,           0.0050104,           0.0050104
                 254,            0.023443,           0.0082576,            0.011141,             0.99426,             0.98981,               0.995,             0.80009,            0.013599,            0.004295,           0.0040937,           0.0049906,           0.0049906,           0.0049906
                 255,            0.026964,           0.0074306,            0.010806,             0.92918,                   1,               0.995,             0.73596,            0.012831,           0.0041689,           0.0049574,           0.0049708,           0.0049708,           0.0049708
                 256,            0.021448,            0.008174,             0.01042,             0.92918,                   1,               0.995,             0.73596,            0.012831,           0.0041689,           0.0049574,            0.004951,            0.004951,            0.004951
                 257,            0.021574,            0.006844,            0.013235,             0.91764,                   1,               0.995,             0.81984,            0.011351,           0.0039761,            0.006696,           0.0049312,           0.0049312,           0.0049312
                 258,            0.018015,           0.0077523,            0.011717,             0.90719,             0.98818,               0.995,             0.85164,           0.0099325,           0.0038815,           0.0071684,           0.0049114,           0.0049114,           0.0049114
                 259,            0.021139,           0.0068602,            0.012707,             0.91986,             0.92997,             0.99409,             0.76264,            0.013186,           0.0040489,            0.008653,           0.0048916,           0.0048916,           0.0048916
                 260,            0.023377,           0.0063726,            0.012553,             0.91986,             0.92997,             0.99409,             0.76264,            0.013186,           0.0040489,            0.008653,           0.0048718,           0.0048718,           0.0048718
                 261,            0.023333,           0.0067333,            0.012576,             0.90692,             0.94715,             0.99295,              0.7602,            0.013568,           0.0040499,           0.0080415,            0.004852,            0.004852,            0.004852
                 262,            0.022226,           0.0070438,            0.011236,             0.90647,             0.97326,             0.99295,             0.79537,            0.010847,           0.0038487,            0.007268,           0.0048322,           0.0048322,           0.0048322
                 263,             0.02236,           0.0081246,            0.012791,             0.87015,             0.96705,              0.9691,             0.72227,            0.012533,           0.0038914,           0.0064317,           0.0048124,           0.0048124,           0.0048124
                 264,             0.02305,            0.007791,            0.014357,             0.87015,             0.96705,              0.9691,             0.72227,            0.012533,           0.0038914,           0.0064317,           0.0047926,           0.0047926,           0.0047926
                 265,            0.021203,           0.0073221,            0.014324,             0.89769,             0.97591,             0.96432,             0.69354,            0.012063,           0.0039116,           0.0046955,           0.0047728,           0.0047728,           0.0047728
                 266,            0.021312,           0.0074679,            0.010119,             0.95844,             0.99273,             0.99295,             0.83572,           0.0092127,           0.0037647,           0.0041846,            0.004753,            0.004753,            0.004753
